cloudflare_id,filename,variant,alt
d213fe88-65e1-4814-d549-01f0b7cbae00,custom_apparel.jpeg,public,
069fd024-4097-4b06-99e5-9656ec5fb600,promo-group-2.png,public,
0102573e-1ef9-4252-6bd6-0d9300d06b00,promo-group-1.png,public,
2de59e99-69b3-4943-5291-b26c5e03ef00,promo-group-4.webp,public,
0fb1e21b-a3ad-4b1a-dcda-431ff3d46a00,promo-group-3.webp,public,
140ada96-a76d-4aba-d5a1-4bef7b3f8b00,x-frame-banners-13oz-matte-vinyl_2.jpg,public,x frame banners 13oz matte vinyl 2
81d01ba0-c56e-4446-1a74-92f419067e00,x-frame-banners-13oz-matte-vinyl_1.jpg,public,x frame banners 13oz matte vinyl 1
525df64c-a2f1-4bc2-8777-2c6088c45100,window-perforated-vinyl_2.webp,public,window perforated vinyl 2
c368936a-6e86-4215-40de-4d25cc97fb00,window-perforated-vinyl_1.jpg,public,window perforated vinyl 1
bd3e3239-f9f7-46bf-b29e-2503368a6c00,willowpack-roll-labels_1.webp,public,willowpack roll labels 1
a1e8beae-3768-443d-1934-7eba797fd000,wall-calendars-80lb-gloss-text_1.webp,public,wall calendars 80lb gloss text 1
28750cd8-7d78-43cf-832c-0361c8628500,wall-calendars-100lb-gloss-text_2.webp,public,wall calendars 100lb gloss text 2
38bbb570-dfd9-4c83-a679-20d06d488d00,wall-calendars-100lb-gloss-text_1.webp,public,wall calendars 100lb gloss text 1
eefdf437-bed3-4468-f228-97e6f4ed0000,variable-printing-14pt_1.jpg,public,variable printing 14pt 1
3e00fc51-da5c-4504-625c-9e4684da1b00,uncoated-rack-cards_1.png,public,uncoated rack cards 1
54b0f83b-f27d-45bd-fa21-a85d0589f000,unaddressed-postcard_1.png,public,unaddressed postcard 1
f721662d-f8f9-49a9-e78f-eb933a8ecd00,ultra-smooth-business-cards_1.webp,public,ultra smooth business cards 1
b5809a56-e2bb-4d9a-2343-65951050be00,tent-cards-14pt-matte-finish_4.webp,public,tent cards 14pt matte finish 4
add341d4-ecf2-413c-88e6-8403af194400,tent-cards-14pt-matte-finish_3.webp,public,tent cards 14pt matte finish 3
4caebfdf-6d58-4a3f-027f-b1e1f3860e00,tent-cards-14pt-matte-finish_2.webp,public,tent cards 14pt matte finish 2
d5257674-5e45-48be-6a5a-07d53a080a00,tent-cards-14pt-matte-finish_1.webp,public,tent cards 14pt matte finish 1
549290e9-8025-4430-1175-eab53ec64e00,tent-cards-14pt-matte-finish_1.jpg,public,tent cards 14pt matte finish 1
aea25408-e3d1-4c91-8854-20a6c6b2b100,tear-cards-14pt-uv_1.jpg,public,tear cards 14pt uv 1
86533fbd-8284-4a27-79ff-cc3afc226b00,tear-cards-14pt-matte-finish_1.png,public,tear cards 14pt matte finish 1
bb3203dd-ad43-4387-32c8-f0caaa4c8e00,table-top-pull-up-banner-13-oz-matte-vinyl_1.png,public,table top pull up banner 13 oz matte vinyl 1
41b95048-9100-44ec-28f9-549d6f1a7400,table-runner_1.png,public,table runner 1
ce28b598-515c-4b12-b725-7756cfa05500,table-covers-8-ft-table_2.png,public,table covers 8 ft table 2
3a8268bf-f509-44f3-370e-00dfd6b74d00,table-covers-8-ft-table_1.png,public,table covers 8 ft table 1
dbe8f182-3f69-48f2-1adb-7633879d9700,table-covers-6-ft-table_2.png,public,table covers 6 ft table 2
cd99eaa3-d29a-4491-27d5-1e11ff99ed00,table-covers-6-ft-table_1.png,public,table covers 6 ft table 1
b88a362a-fb86-4f6c-6a1c-998039a8f500,supply-boxes_1.jpg,public,supply boxes 1
100fce98-2272-456a-5e3b-699113cd8e00,standard-rack-cards_1.png,public,standard rack cards 1
84e997f3-c805-4084-0613-36d82c599200,stand-up-pouch_1.png,public,stand up pouch 1
887ba93e-5783-49c5-4ac1-36ccfb880100,spot-uv-greeting-cards_1.png,public,spot uv greeting cards 1
89e64543-8366-46ea-ce1a-d071ac92a000,soft-touch-business-cards_1.png,public,soft touch business cards 1
e24fd527-ea23-40dc-cc12-246be5087600,social-distancing-floor-stickers_1.png,public,social distancing floor stickers 1
6e1b979f-025d-4d18-da2d-05c73f4ec100,security-envelopes-60lb-uncoated_1.webp,public,security envelopes 60lb uncoated 1
ff85b54f-3848-4953-2bed-a4ef34d46900,removable-wall-decals-7-mil_4.jpg,public,removable wall decals 7 mil 4
e1e50fc1-aa8e-45a9-1c81-2f0081795d00,removable-wall-decals-7-mil_3.png,public,removable wall decals 7 mil 3
c2a0e0f8-f04c-4943-b3b2-e56f8fc68f00,removable-wall-decals-7-mil_2.jpg,public,removable wall decals 7 mil 2
2a41b602-0408-4715-6d5b-a001aa265e00,removable-wall-decals-7-mil_1.jpg,public,removable wall decals 7 mil 1
c2850467-0051-4673-2906-1dfbd0897b00,quick-ship-coroplast-signs_5.png,public,quick ship coroplast signs 5
ad380970-3c76-4c7f-413e-d190e1dc3900,quick-ship-coroplast-signs_4.png,public,quick ship coroplast signs 4
db01299f-d597-467b-3e14-c13276547600,quick-ship-coroplast-signs_3.png,public,quick ship coroplast signs 3
c4b6ef9f-2538-4437-6b8c-3d44ddff9100,quick-ship-coroplast-signs_2.png,public,quick ship coroplast signs 2
93d2a5e6-fe99-4c49-92de-cd3fdedf8700,quick-ship-coroplast-signs_1.png,public,quick ship coroplast signs 1
e13479be-444b-4c40-0579-6bf38d78f800,quick-ship-business-cards_1.png,public,quick ship business cards 1
baa9c8ee-47dc-4076-1945-f8915cbf9600,pull-up-banners-13oz-matte-vinyl-silverbase_1.png,public,pull up banners 13oz matte vinyl silverbase 1
b0555943-58be-4abc-6174-9eb943075900,pull-up-banners-13oz-matte-vinyl-blackbase-31-5-x-78-75_4.png,public,pull up banners 13oz matte vinyl blackbase 31 5 x 78 75 4
8a31f66f-1920-4723-3d1e-4fd4c8a39f00,pull-up-banners-13oz-matte-vinyl-blackbase-31-5-x-78-75_3.jpg,public,pull up banners 13oz matte vinyl blackbase 31 5 x 78 75 3
ea5988ef-dc28-4f9e-41fa-993918f62d00,pull-up-banners-13oz-matte-vinyl-blackbase-31-5-x-78-75_2.png,public,pull up banners 13oz matte vinyl blackbase 31 5 x 78 75 2
a3d2f6fa-19e6-4e73-bdca-867928b67200,pull-up-banners-13oz-matte-vinyl-blackbase-31-5-x-78-75_1.png,public,pull up banners 13oz matte vinyl blackbase 31 5 x 78 75 1
9ae9ade7-8f73-4be6-683b-31c69c218600,profit-pak-samples_1.png,public,profit pak samples 1
5eba008d-6470-478c-4b09-83f7f74a5200,presentation-folders-matte-laminated_1.png,public,presentation folders matte laminated 1
a7b2e2b4-7b01-4bcf-d8de-921c59cb4e00,presentation-folders-14pt-uv-high-gloss_1.png,public,presentation folders 14pt uv high gloss 1
9bc5f03d-9e7e-4d0a-e5f4-b6cdcd998700,presentation-folders-14pt-metallic-foil_1.png,public,presentation folders 14pt metallic foil 1
b3127783-4832-4fa4-f92f-bb98016d9400,presentation-folders-14pt-matte-finish_1.png,public,presentation folders 14pt matte finish 1
c1a87e4b-e105-44f3-f439-156215e53800,presentation-folders-14pt-aq_1.png,public,presentation folders 14pt aq 1
701bdaad-4ee9-4806-1d49-d92b96c67000,premium-wide-pull-up-banners-13-oz-matte-vinyl_1.png,public,premium wide pull up banners 13 oz matte vinyl 1
feb28379-4f53-4689-5cc6-3e378c7ca900,premium-pull-up-banners-13oz-matte-vinyl_1.png,public,premium pull up banners 13oz matte vinyl 1
e399a14d-16c7-450f-14fa-c5a98e289600,posters-80lb-enviro-uncoated_1.webp,public,posters 80lb enviro uncoated 1
e2a9a438-cb0b-44f3-5d32-0e1bd6117800,posters-100lb-uv-high-gloss_1.webp,public,posters 100lb uv high gloss 1
125382a4-e37c-42fb-ed8f-300b29a27c00,posters-100lb-matte-finish_2.webp,public,posters 100lb matte finish 2
25289d09-671c-4472-a3cd-0783973bc300,posters-100lb-matte-finish_1.webp,public,posters 100lb matte finish 1
9ae3bd32-f2a1-4d8c-47e0-9d333bfe8f00,postcards-18pt-matte-silk-lamination_1.webp,public,postcards 18pt matte silk lamination 1
1e5c709d-c44d-4b82-6ecb-c4d1e9f5b300,postcards-18pt-gloss-lamination_1.webp,public,postcards 18pt gloss lamination 1
dcc1cec5-55df-4c78-9e91-62bea2e15900,postcards-16pt-uv_1.webp,public,postcards 16pt uv 1
b20fed02-b98d-4a9f-4652-407fc0fc1400,postcards-16pt-matte-finish_1.webp,public,postcards 16pt matte finish 1
e8d41607-23d9-45ec-4a4a-57c633c2ac00,postcards-16pt-aq_1.webp,public,postcards 16pt aq 1
1607ced8-0c45-43a9-2790-b13e94695b00,postcards-14pt-writable-uv-c1s_1.webp,public,postcards 14pt writable uv c1s 1
e62d3231-7a42-4616-4d55-3dc803409d00,postcards-14pt-writable-aq-c1s_1.webp,public,postcards 14pt writable aq c1s 1
511c7afc-9c66-4826-e342-dac92b73fc00,postcards-14pt-uv_1.webp,public,postcards 14pt uv 1
a822ca3d-f65e-41e6-a422-cd571629d500,postcards-14pt-matte-finish_1.webp,public,postcards 14pt matte finish 1
0d69f118-83b2-4ee4-9d13-c6191c09f900,postcards-14pt-aq_1.webp,public,postcards 14pt aq 1
1b2d9eab-3a83-49c3-f704-b82ae8c55100,postcards-13pt-linen-uncoated_1.webp,public,postcards 13pt linen uncoated 1
1e0aa3be-c87a-4bcd-ea76-6857a0431c00,postcards-13pt-enviro-uncoated_1.webp,public,postcards 13pt enviro uncoated 1
8f682113-5751-4f18-205d-6300ec26c700,postcards-10pt-matte-finish_1.webp,public,postcards 10pt matte finish 1
e7dd8fa7-c250-45b5-3976-d122db933e00,postcards-10pt-aq_1.webp,public,postcards 10pt aq 1
5638f768-818e-4c34-9cda-65d48e710200,postcard-enveloped-and-addressed-postage-included_1.png,public,postcard enveloped and addressed postage included 1
c31a5807-1eb8-411d-f986-e2664b70a900,postcard-enveloped-and-addressed-postage-due_1.png,public,postcard enveloped and addressed postage due 1
ddbbcf01-42a8-46b6-bdca-42c5d17f7800,postcard-addressed-postage-included_1.png,public,postcard addressed postage included 1
4143bc51-32f7-439c-df00-bf66cab55600,postcard-addressed-postage-due_1.png,public,postcard addressed postage due 1
d4c12bdf-4211-429d-ab6d-761c8fd76500,postcard-18pt-matte-lam-spot-uv_1.webp,public,postcard 18pt matte lam spot uv 1
d7a106f9-fa3e-4285-3586-ba4b9baf7500,poly-roll-labels_1.webp,public,poly roll labels 1
fe9252f6-a4ec-40d6-87c4-1e431560bd00,plastic-14pt_1.webp,public,plastic 14pt 1
7827d781-b3ea-4445-7066-62c1d4411800,pearl-paperl-invitations_1.png,public,pearl paperl invitations 1
36fd2b6b-3ca0-4e6d-21f4-1c5208d2ee00,pearl-paper-postcards_1.webp,public,pearl paper postcards 1
a7d6a830-a751-4248-fe79-f8c906036400,pearl-paper-greeting-cards_2.webp,public,pearl paper greeting cards 2
d0c6fb86-7e33-48a0-0299-957ea5237200,pearl-paper-greeting-cards_1.webp,public,pearl paper greeting cards 1
08ac0896-7280-4043-0045-6ccf6738dc00,pearl-business-cards_1.webp,public,pearl business cards 1
cd862046-4969-439b-231f-88a3a252ed00,paper-roll-labels_1.webp,public,paper roll labels 1
9b24c8e5-2901-480f-d775-f0269eac6b00,numbered-tickets-14pt_1.png,public,numbered tickets 14pt 1
5e3497f8-2acb-48e5-9a2c-b5a89715a900,notepads-60lb-uncoated-50-pages_1.webp,public,notepads 60lb uncoated 50 pages 1
ccd643df-1151-4f63-876e-6b272f687e00,notepads-60lb-uncoated-25-pages_1.webp,public,notepads 60lb uncoated 25 pages 1
cb463ecf-9b38-45ea-3232-bc7981a22c00,ncr-forms-20lb-uncoated_1.webp,public,ncr forms 20lb uncoated 1
77ae0db1-d7b8-45f0-8252-af6edce6a300,metallic-foil-postcards_2.webp,public,metallic foil postcards 2
9b1b27cc-7f46-4f93-e160-4d3a7ae86100,metallic-foil-postcards_1.webp,public,metallic foil postcards 1
00b4ddf0-4fd6-4b24-e4e0-bbd128a73600,metallic-foil-invitations_1.webp,public,metallic foil invitations 1
4d33daa5-d439-4433-e6e3-9eaa44b65c00,metallic-foil-greeting-cards_4.webp,public,metallic foil greeting cards 4
5885dd33-cffd-476c-fbfd-b3932ffc9700,metallic-foil-greeting-cards_3.webp,public,metallic foil greeting cards 3
923b894a-0275-4b3b-a8b7-a9cab3094700,metallic-foil-greeting-cards_2.webp,public,metallic foil greeting cards 2
6a552bf6-d83d-4e87-3329-07200a8f8c00,metallic-foil-greeting-cards_1.webp,public,metallic foil greeting cards 1
972387c7-8ebe-4e3a-aacb-ae64ea52ec00,metallic-foil-business-cards_3.webp,public,metallic foil business cards 3
b49ad0aa-2688-44b0-7342-7b48439de700,metallic-foil-business-cards_2.webp,public,metallic foil business cards 2
2e1a8c28-be09-49f9-1fbc-4b4866bffa00,metallic-foil-business-cards_1.webp,public,metallic foil business cards 1
01065d6e-f5de-4138-64be-ba59b123fb00,mesh-banner-8oz-polyester-mesh_2.webp,public,mesh banner 8oz polyester mesh 2
437a83f4-77fb-4d8d-0d4d-e57394ecef00,mesh-banner-8oz-polyester-mesh_1.webp,public,mesh banner 8oz polyester mesh 1
f89bdb8d-07b6-4d3b-45c0-01ef8afff500,matte-laminated-rack-cards_1.png,public,matte laminated rack cards 1
fa678661-6ea6-41e8-64e4-24b3bb4d5200,magnets-14pt_4.webp,public,magnets 14pt 4
79d9fcdc-25d5-491a-9cda-ee384b061500,magnets-14pt_3.webp,public,magnets 14pt 3
293d8e13-2442-452f-2655-6e292da84500,magnets-14pt_2.webp,public,magnets 14pt 2
70b76533-cca5-4335-009a-30d9bf8c4a00,magnets-14pt_1.webp,public,magnets 14pt 1
01200ab8-587e-4a4d-ff8e-740922373300,letterheads-60lb-uncoated_2.webp,public,letterheads 60lb uncoated 2
4342be75-8fd0-4f30-3d18-6d58ab24f600,letterheads-60lb-uncoated_1.webp,public,letterheads 60lb uncoated 1
282ab8dc-35eb-4a9c-7f4e-db2b91e90900,lay-flat-pouch_1.png,public,lay flat pouch 1
7d6491ce-722f-4a62-857e-4e18f789fe00,large-format-posters-8pt-c2s_1.webp,public,large format posters 8pt c2s 1
2ede3365-bd03-4d08-b361-a82885549d00,kraft-paper-postcards_4.webp,public,kraft paper postcards 4
2a0e636a-e2ff-4b8e-b1d1-a1a90180d600,kraft-paper-postcards_2.webp,public,kraft paper postcards 2
d57e716e-ab69-490d-7fcc-b6e750470200,kraft-paper-postcards_1.webp,public,kraft paper postcards 1
8ebce7a1-162f-40fc-069b-b7148a79ee00,kraft-paper-greeting-cards_3.webp,public,kraft paper greeting cards 3
7ad38c37-2391-4c12-e147-04f2f8c54e00,kraft-paper-greeting-cards_2.webp,public,kraft paper greeting cards 2
e173e973-104f-4b6c-5c72-b55a59682b00,kraft-paper-greeting-cards_1.webp,public,kraft paper greeting cards 1
a529a276-bdfa-4c04-8811-5969f6f28300,kraft-business-cards_3.webp,public,kraft business cards 3
578f5137-5f92-48a7-b5c0-176e3ec7da00,kraft-business-cards_2.webp,public,kraft business cards 2
5dafc985-1f9d-42e9-6719-bc6d3e39f700,kraft-business-cards_1.webp,public,kraft business cards 1
fb1d47fa-a9f8-43d5-114e-0b58b0860000,invitations-18pt-kraft-paper_1.png,public,invitations 18pt kraft paper 1
45b99450-ae15-4790-625a-863cd81c7c00,invitations-14pt-writable-aq-c1s_1.png,public,invitations 14pt writable aq c1s 1
d4f66f2f-dd12-41c8-0689-c9a5e039b600,invitations-14pt-uv-high-gloss_1.png,public,invitations 14pt uv high gloss 1
7a660aad-8e4e-4ae3-f206-3478fc89c200,invitations-14pt-matte-finish_1.png,public,invitations 14pt matte finish 1
b8cc4c30-80eb-4367-4f95-8132c8efe200,invitations-14pt-aq_1.png,public,invitations 14pt aq 1
5b316fea-9098-48e5-f64b-ca30a406ec00,high-gloss-rack-cards_1.jpg,public,high gloss rack cards 1
bab695f6-5edf-469b-d0b0-54a3436ad700,h-stand-for-signs_1.jpg,public,h stand for signs 1
78986742-6d0c-4ef2-4fc7-e505af27fe00,greeting-cards-14pt-writable-uv-c1s_1.webp,public,greeting cards 14pt writable uv c1s 1
3d178819-51de-45e8-6900-75a4d550d900,greeting-cards-14pt-writable-aq-c1s_1.webp,public,greeting cards 14pt writable aq c1s 1
7238bf4d-40e5-42c6-fcc9-265223b0fb00,greeting-cards-14pt-uv-high-gloss_1.webp,public,greeting cards 14pt uv high gloss 1
938973ff-8221-48e6-3f17-387c25186300,greeting-cards-14pt-matte-finish_1.webp,public,greeting cards 14pt matte finish 1
144f52e2-92cd-4082-7fcb-caef0efcb700,greeting-cards-14pt-aq_1.webp,public,greeting cards 14pt aq 1
60c26b74-b4ff-4773-aa63-1a386d9d8000,greeting-cards-13pt-enviro-uncoated_1.webp,public,greeting cards 13pt enviro uncoated 1
b7145b4f-5a3a-4fb7-b7da-88c13a290d00,glossy-adhesive-vinyl_1.jpg,public,glossy adhesive vinyl 1
b1529575-2f23-4c70-2fda-2eb9a9067100,folded-business-cards-14pt-matte-finish_1.jpg,public,folded business cards 14pt matte finish 1
9f12e415-253f-4319-65d2-bc5b8cce3e00,folded-business-cards-13pt-enviro-uncoated_1.jpg,public,folded business cards 13pt enviro uncoated 1
f14a5a1c-4f74-4baf-c91d-9c5c15ed0e00,folded-business-card-14pt-uv-high-gloss_1.jpg,public,folded business card 14pt uv high gloss 1
621c7867-f2e2-4974-1082-636bb8148200,flyers-80lb-enviro-uncoated_1.webp,public,flyers 80lb enviro uncoated 1
e7d14b8f-998f-45f0-46d8-e617a71cf300,flyers-70lb-linen-uncoated_1.jpg,public,flyers 70lb linen uncoated 1
0808c2a0-2700-4f58-4914-03615a7c3700,flyers-100lb-uv-high-gloss_1.webp,public,flyers 100lb uv high gloss 1
e4b39bbf-9b8a-4d0b-7368-0711423b6600,flyers-100lb-matte-finish_1.png,public,flyers 100lb matte finish 1
8d197dc4-3eef-41d8-4af2-c6d9a2b29b00,flyers-100lb-gloss-text_1.png,public,flyers 100lb gloss text 1
1fa9a06f-4c86-4282-6097-c5b1e2b95000,floor-graphics_1.png,public,floor graphics 1
f39272ea-b6c3-4676-27a3-4cf7ffb2e300,envelopes-60lb-uncoated_1.webp,public,envelopes 60lb uncoated 1
0f796450-1aac-489f-c5cd-0234f7312900,envelopes-60lb-self-adhesive_1.webp,public,envelopes 60lb self adhesive 1
6097f7cf-22b6-4b29-e88f-3961eaf6de00,ear-cards-13pt-enviro-uncoated_1.jpg,public,ear cards 13pt enviro uncoated 1
25586144-8eea-4216-6973-226d57c18300,durable-postcards_1.webp,public,durable postcards 1
13f8c705-a13d-4475-774c-4daa4cbc2600,durable-business-cards_1.webp,public,durable business cards 1
51ca647e-77be-457a-98f3-1f9dffcd0100,double-sided-pull-up-banners-13-oz-matte-vinyl_1.png,public,double sided pull up banners 13 oz matte vinyl 1
a6cbc4fe-9f97-475e-8bc5-91da167fac00,door-hangers-14pt-uv-high-gloss_1.webp,public,door hangers 14pt uv high gloss 1
569f8ed4-a7ef-4629-ee2e-4bfc1fdb9400,door-hangers-14pt-matte-finish_1.webp,public,door hangers 14pt matte finish 1
fccdd354-9b87-4515-2bc5-e6a0ecf95900,door-hangers-14pt-aq_1.webp,public,door hangers 14pt aq 1
23e684a6-9784-4490-8982-80b57f5fd500,door-hangers-13pt-enviro-uncoated_1.png,public,door hangers 13pt enviro uncoated 1
eaaa4e3e-5576-48fb-3086-ab1a0e35b800,display-board-24pt_2.jpg,public,display board 24pt 2
f0a2f294-bbc4-4fc6-172b-9476f384a100,display-board-24pt_1.jpg,public,display board 24pt 1
3017ff0c-8f9a-44c9-ec21-14ebf0555a00,digital-sheets-80lb-enviro-uncoated_1.jpg,public,digital sheets 80lb enviro uncoated 1
740bdb53-2340-4fd4-1a63-3e104a34e900,digital-sheets-14pt-matte-finish_1.jpg,public,digital sheets 14pt matte finish 1
879ad1a1-ab99-463e-937f-17e0fd016100,digital-sheets-13pt-enviro-uncoated_1.jpg,public,digital sheets 13pt enviro uncoated 1
ac422dbe-2a17-4b96-9c01-6bb3b513d200,digital-sheets-100lb-matte-finish_1.jpg,public,digital sheets 100lb matte finish 1
b5360f5f-fafe-4bf4-565b-3769544c7200,digital-sheets-100lb-gloss-text_1.jpg,public,digital sheets 100lb gloss text 1
19bf68a0-4579-4367-5859-c970d7fbcb00,die-cut-business-cards_3.webp,public,die cut business cards 3
ae33659f-7056-4950-8606-0ea69e486800,die-cut-business-cards_2.webp,public,die cut business cards 2
b5b8f499-e042-43b0-f849-c911a0c08000,die-cut-business-cards_1.webp,public,die cut business cards 1
b8e47bed-0dd9-4427-e62a-ace90eb39700,cut-to-shape-removable-decals_1.webp,public,cut to shape removable decals 1
0a82c3fd-1c37-4ce6-6321-46b7a9b73c00,cut-to-shape-permanent-decals_1.webp,public,cut to shape permanent decals 1
01e4dd33-f877-4ea3-1840-ce9305e33800,cut-to-shape-magnets-30mil_2.webp,public,cut to shape magnets 30mil 2
352ba351-b43a-47ae-11d5-501903818a00,cut-to-shape-magnets-30mil_1.webp,public,cut to shape magnets 30mil 1
ad05b619-6f97-41df-666e-7e01c5833000,cut-to-shape-magnets-20mil_3.webp,public,cut to shape magnets 20mil 3
d40f5350-2253-49c7-05db-e5cfa6f61100,cut-to-shape-magnets-20mil_2.webp,public,cut to shape magnets 20mil 2
07d20f9d-42c8-421b-fe9b-52f749c05a00,cut-to-shape-magnets-20mil_1.webp,public,cut to shape magnets 20mil 1
c3a3e19c-9a7a-4d66-914a-692358dc8900,coroplast-group-1.png,public,coroplast group 1
8d25dafa-0871-4063-a3fc-388b11e63900,clings-transparent_2.jpg,public,clings transparent 2
40a76ac6-818a-459d-4bec-c30cca5ee000,clings-transparent_1.jpg,public,clings transparent 1
e2360178-ee6b-4b27-8364-09180d972900,clings-opaque_1.jpg,public,clings opaque 1
4bd3a4c4-9a46-472d-fefe-fea7a22aa200,car-magnets-30mil_2.webp,public,car magnets 30mil 2
fc0d9f3e-b7a3-441c-4684-309e4167bf00,car-magnets-30mil_1.webp,public,car magnets 30mil 1
bdf5451a-4189-43ec-cd88-ec53f2130800,canvas-roll_2.webp,public,canvas roll 2
7e71909e-8188-48af-50da-02b8e71b3900,canvas-roll_1.webp,public,canvas roll 1
f5b5a0aa-74eb-432b-478b-e1dd46874800,business-cards-18pt-writable-c1s_1.webp,public,business cards 18pt writable c1s 1
429ea9b2-d570-4e96-606b-690af84c0400,business-cards-18pt-matte-silk-lamination_1.webp,public,business cards 18pt matte silk lamination 1
2aa88aca-a10a-446b-d7a4-a46cc24cfc00,business-cards-18pt-matte-lam-spot-uv_1.webp,public,business cards 18pt matte lam spot uv 1
2f02c057-f6a8-4980-6a59-040d7133cf00,business-cards-18pt-gloss-lamination_1.webp,public,business cards 18pt gloss lamination 1
fb5bb16a-4975-47a9-a759-7cf66d983d00,business-cards-16pt-uv_1.webp,public,business cards 16pt uv 1
22b7f992-4c79-4b06-fdc0-97e40ecb5d00,business-cards-16pt-matte-finish_1.png,public,business cards 16pt matte finish 1
a9f6302f-3647-421d-3d8f-5f7f928a9200,business-cards-16pt-aq_1.webp,public,business cards 16pt aq 1
0d89e6db-7c3f-42df-85bd-ff36e2813f00,business-cards-14pt-writable-uv-c1s_1.webp,public,business cards 14pt writable uv c1s 1
bf2fe878-ab9c-412a-8382-3c0bdd3df000,business-cards-14pt-writable-aq-c1s_1.webp,public,business cards 14pt writable aq c1s 1
de31978e-f751-41f0-e8c8-f25fd296bc00,business-cards-14pt-uv-high-gloss_1.png,public,business cards 14pt uv high gloss 1
92543fde-5462-41f3-d0f4-695ea32c4e00,business-cards-14pt-profit-maximizer_1.webp,public,business cards 14pt profit maximizer 1
db488530-f680-4c14-0a34-3098992f8400,business-cards-14pt-matte-finish_1.webp,public,business cards 14pt matte finish 1
835bee2f-0c9b-427a-6481-b56b87763d00,business-cards-14pt-aq_1.png,public,business cards 14pt aq 1
95248955-3aaf-474d-a65c-5bc314208d00,business-cards-13pt-linen-uncoated_1.webp,public,business cards 13pt linen uncoated 1
ec8064eb-ebc1-4820-480d-04a3ef19a200,business-cards-13pt-enviro-uncoated_2.webp,public,business cards 13pt enviro uncoated 2
94deaa09-aa27-49d2-9eb2-463388c17d00,business-cards-13pt-enviro-uncoated_1.webp,public,business cards 13pt enviro uncoated 1
1cae3173-1231-4517-bfc6-e402b7740100,brochures-80lb-enviro-uncoated_1.png,public,brochures 80lb enviro uncoated 1
69807990-1c03-4a14-f554-eec5c3066900,brochures-100lb-uv-high-gloss_1.png,public,brochures 100lb uv high gloss 1
d86675aa-b7af-438e-15eb-4d6b4f67d700,brochures-100lb-matte-finish_1.png,public,brochures 100lb matte finish 1
80d3777a-2132-43cb-fd70-f675b786ff00,brochures-100lb-gloss-text_1.png,public,brochures 100lb gloss text 1
ad0573bb-f59c-4597-c99e-5a90f151c000,brochure-enveloped-and-addressed-postage-included_1.png,public,brochure enveloped and addressed postage included 1
4748991c-8bdf-4272-bf21-438934406a00,brochure-enveloped-and-addressed-postage-due_1.png,public,brochure enveloped and addressed postage due 1
ff83ec93-8a8c-4d00-18b1-12cb9ba9d800,bopp-roll-labels_1.webp,public,bopp roll labels 1
94e607f8-fdd8-4922-79cb-d0ad67225100,bookmark-18pt-matte-silk-lamination_1.webp,public,bookmark 18pt matte silk lamination 1
bfd0dc74-2b64-4f7f-b8ee-2b9d7b820300,bookmark-18pt-matte-lam-spot-uv_1.webp,public,bookmark 18pt matte lam spot uv 1
8addd72b-e773-44c9-0a75-16931d594e00,bookmark-18pt-gloss-lamination_1.webp,public,bookmark 18pt gloss lamination 1
529aba18-bfc2-456f-4c78-b9e4bfe21b00,bookmark-16pt-uv_1.webp,public,bookmark 16pt uv 1
6d24f34a-2d93-40fc-fc97-a0b53afe5c00,bookmark-14pt-writable-uv-c1s_1.webp,public,bookmark 14pt writable uv c1s 1
d18d1035-c4bc-456d-f013-03adc54ee700,bookmark-14pt-uv_1.webp,public,bookmark 14pt uv 1
5393dc57-9061-4ccc-4511-34aef33f5c00,bookmark-13pt-linen-uncoated_1.webp,public,bookmark 13pt linen uncoated 1
e5962caf-0c30-4b82-2184-178724a79200,bookmark-13pt-enviro-uncoated_3.webp,public,bookmark 13pt enviro uncoated 3
f4552954-f467-459b-b920-4c9a6c3a3b00,bookmark-13pt-enviro-uncoated_2.webp,public,bookmark 13pt enviro uncoated 2
5019a0ca-b6c0-4b67-f47b-a12471534100,bookmark-13pt-enviro-uncoated_1.webp,public,bookmark 13pt enviro uncoated 1
7922a952-6481-4182-9889-f7ec5c23f400,bookmark-10pt-matte-finish_1.webp,public,bookmark 10pt matte finish 1
7c2caa52-3390-45ab-ff38-80bd66aeb600,booklets-80lb-silk-text-8-5-x-5-5_1.jpg,public,booklets 80lb silk text 8 5 x 5 5 1
6bbb6ee2-21f9-4a5a-8f39-254394f94100,booklets-80lb-silk-text-8-5-x-11_1.png,public,booklets 80lb silk text 8 5 x 11 1
de9f5e6d-dce1-4cf4-fa8a-67f0b3237200,booklets-80lb-gloss-text-8-5-x-5-5_1.jpg,public,booklets 80lb gloss text 8 5 x 5 5 1
99b1bcae-6678-4c3e-8e9c-96ba7c132300,booklets-80lb-gloss-text-8-5-x-11_1.jpg,public,booklets 80lb gloss text 8 5 x 11 1
614d74b8-bd3d-405e-d496-f4a8b3b40f00,booklets-60lb-offset-text-8-5-x-5-5_1.jpg,public,booklets 60lb offset text 8 5 x 5 5 1
23dcb471-40ff-4200-b123-d02ad349b500,booklets-60lb-offset-text-8-5-x-11_1.jpg,public,booklets 60lb offset text 8 5 x 11 1
355fbce0-0227-46d7-de7a-2a4fd61b6400,booklets-100lb-silk-text-8-5-x-5-5_1.jpg,public,booklets 100lb silk text 8 5 x 5 5 1
a615befd-f218-497b-8736-2e1169297700,booklets-100lb-silk-text-8-5-x-11_1.jpg,public,booklets 100lb silk text 8 5 x 11 1
4346bfd6-24a6-438b-4181-c64f86f31d00,booklets-100lb-gloss-text-8-5-x-5-5_1.jpg,public,booklets 100lb gloss text 8 5 x 5 5 1
2cf8c07e-5aa5-41c2-e8b0-0e0f7fdf6f00,bc2_1_dual_lt_halo_and_uv.webp,public,bc2 1 dual lt halo and uv
92d536db-4668-45f4-435b-d41a4d754700,banners-13oz-matte-vinyl_1.jpg,public,banners 13oz matte vinyl 1
30a4292d-bf6b-4924-1509-bfe341d38f00,banners-13oz-glossy-vinyl_1.webp,public,banners 13oz glossy vinyl 1
eb789bdb-189b-4d3c-04e4-adca794d2500,a-frame-stands_1.jpg,public,a frame stands 1
08acd48a-7733-4bcb-45e8-2857b3572400,a-frame-signs-4mm-coroplast.jpg,public,a frame signs 4mm coroplast
2ebf93bf-b9c3-4c52-37e4-9dd996a28300,8mm-coroplast.png,public,8mm coroplast
2b516d6e-424a-4d89-c877-476c90d34700,6mm-coroplast.png,public,6mm coroplast
8e32ace8-74bb-4795-7ff7-57e01a76b700,60lb-slit-back-label-stickers_1.png,public,60lb slit back label stickers 1
02678c3e-ba6c-4d0d-fbcf-03c89f43d100,4mm-foam-board_1.png,public,4mm foam board 1
8ec058b6-d10f-44bf-652d-689d7a7b7a00,4mm-coroplast-yard-signs_1.png,public,4mm coroplast yard signs 1
d7bd02a6-769b-4ecd-e29e-a01ed915c100,4mm-coroplast-canadian.png,public,4mm coroplast canadian
514f2eee-4080-40e7-0162-677f11387400,3mm-sintra_5.png,public,3mm sintra 5
aaf0748e-ca76-4f5a-8031-cc890c26d600,3mm-sintra_4.png,public,3mm sintra 4
fdc13090-3b9c-4b4b-6588-dc50cbe92700,3mm-sintra_3.png,public,3mm sintra 3
ac9042e5-32d8-497d-d7ec-dc63654dca00,3mm-sintra_2.png,public,3mm sintra 2
3e3ce17b-4dc1-4761-4d6f-abcfdfba6700,3mm-sintra_1.jpg,public,3mm sintra 1
9369724e-9b73-4988-9c2f-ad50f4400300,3mm-aluminum-signs_1.png,public,3mm aluminum signs 1
a4c958f5-632d-49e6-7455-c0bc5a3f8d00,32pt-painted-edge-business-cards_2.jpg,public,32pt painted edge business cards 2
94cf8468-a6f6-4ebd-513c-0ceeded2ff00,32pt-painted-edge-business-cards_1.png,public,32pt painted edge business cards 1
a354a74e-f93e-4931-6bd9-f4eaf7324100,20pt-styrene_1.jpg,public,20pt styrene 1
62997c6e-bd35-4be9-0c71-ab05e22b6800,10mm-coroplast_2.png,public,10mm coroplast 2
d7778465-6ddb-4396-ce66-4eb064042200,10mm-coroplast_1.png,public,10mm coroplast 1
52194f4f-6993-4bc1-035a-c3b240ec2900,tear-cards-14pt-matte-finish_1.png,public,
d1d83f37-b7a2-4be3-9c7c-d24a7f246700,brochures-100lb-uv-high-gloss_1.png,public,
3c2efbeb-ad0a-459a-61a0-92e6c3f85c00,stand-up-pouch_1.png,public,
7f4df4ef-d1f6-4091-fbfd-45d721e26a00,quick-ship-business-cards_1.png,public,
ff2a6c5b-6f8b-4632-7fdd-f919af60d500,unaddressed-postcard_1.png,public,
302ab339-05b8-41e1-527e-691e08385c00,table-covers-6-ft-table_2.png,public,
9bcb3fd9-da9c-46ad-56c7-47645d150a00,uncoated-rack-cards_1.png,public,
f30c0e56-d1c3-4840-ba08-9991ca391500,table-covers-8-ft-table_1.png,public,
e254459d-35d4-448a-2777-8860defcf500,standard-rack-cards_1.png,public,
a1c59b20-31cf-4f40-82b1-39a3fec93b00,profit-pak-samples_1.png,public,
874b2cc3-5a29-49d5-3d02-434fe708a700,table-covers-6-ft-table_1.png,public,
836753aa-234c-4d4c-2f00-719a1fe27f00,table-covers-8-ft-table_2.png,public,
36cb66e2-a2cf-4826-b814-c640a23d9700,soft-touch-business-cards_1.png,public,
e1f8f559-8f9e-4f19-aeb4-31a9ea9e3200,pearl-paperl-invitations_1.png,public,
9b975313-7d7c-448e-d658-bdfc19c9b200,quick-ship-coroplast-signs_1.png,public,
2008a505-641b-4e42-7df8-993118c77d00,table-runner_1.png,public,
336ad0a1-1a27-4b80-55f5-9e64f815b700,removable-wall-decals-7-mil_4.jpg,public,
34e39b6e-0421-4454-ef8e-36c43e3c8d00,presentation-folders-14pt-matte-finish_1.png,public,
7c7343f5-c386-40d1-7a31-c5cd8993b800,variable-printing-14pt_1.jpg,public,
18fc991e-044a-40a2-f796-cc899624a200,quick-ship-coroplast-signs_2.png,public,
82e722f7-83fe-4a8e-64c9-ebb3954c4400,pull-up-banners-13oz-matte-vinyl-blackbase-31-5-x-78-75_1.png,public,
827ed94c-6443-4cd9-68bb-6fdf6676d300,window-perforated-vinyl_2.webp,public,
0fa33564-6097-4e89-7938-0bdd83171600,spot-uv-greeting-cards_1.png,public,
7dc2d6c9-d75a-401f-694a-7f503064af00,window-perforated-vinyl_1.jpg,public,
3bc62eea-95bf-46a7-43b0-54bb6fe53700,matte-laminated-rack-cards_1.png,public,
bc82b667-2405-4403-06e3-907cd6994700,quick-ship-coroplast-signs_5.png,public,
7e1b9e0e-4cfc-4d2f-c145-669bf82c8000,removable-wall-decals-7-mil_2.jpg,public,
b6c10f9d-ad41-4ae0-0e48-ae2159456800,pull-up-banners-13oz-matte-vinyl-blackbase-31-5-x-78-75_2.png,public,
d15e75eb-b355-46f0-9b78-00a078779400,removable-wall-decals-7-mil_1.jpg,public,
5663da65-7e09-4858-9d82-9038b92b0c00,removable-wall-decals-7-mil_3.png,public,
66b2a3bd-4034-4c24-7228-6fe35d902c00,quick-ship-coroplast-signs_4.png,public,
22a58b30-7ffa-402b-bce8-bb76c832af00,x-frame-banners-13oz-matte-vinyl_1.jpg,public,
3d32584b-aa5c-464e-db4a-6fe32b98e800,social-distancing-floor-stickers_1.png,public,
17607643-00db-4ff5-29c6-7a12ac640500,pull-up-banners-13oz-matte-vinyl-blackbase-31-5-x-78-75_4.png,public,
68fb81ba-ce21-4bcb-f620-34c9d0a19600,postcard-enveloped-and-addressed-postage-included_1.png,public,
01109c36-2304-4a9b-5abe-b578bd213000,wall-calendars-100lb-gloss-text_2.webp,public,
589be5fe-4d88-4b26-bf5b-2a6503d17700,wall-calendars-100lb-gloss-text_1.webp,public,
ba3aa403-05fe-402f-700a-0456c7d3cd00,x-frame-banners-13oz-matte-vinyl_2.jpg,public,
8acb1be0-5cb1-4cf2-b13e-288cbe788500,wall-calendars-80lb-gloss-text_1.webp,public,
a1f7ffba-8c3d-48c3-cd94-bd53eb50be00,postcard-enveloped-and-addressed-postage-due_1.png,public,
86426195-3953-4158-6923-bc7698c85b00,ultra-smooth-business-cards_1.webp,public,
889e704b-4865-4725-d922-d9cdaa2f8c00,quick-ship-coroplast-signs_3.png,public,
5f4c5a42-2c92-412d-cc4f-b76669d1e600,postcard-addressed-postage-due_1.png,public,
32cd978d-48d4-4502-218b-525aa3342500,willowpack-roll-labels_1.webp,public,
980819b0-1b41-4162-55c1-fe1ba75f9b00,tent-cards-14pt-matte-finish_3.webp,public,
39aea9f2-58c3-4dec-fa56-670ac2082800,table-top-pull-up-banner-13-oz-matte-vinyl_1.png,public,
8def8dd8-19cf-423d-cf84-e18ab7d8ff00,tent-cards-14pt-matte-finish_1.jpg,public,
14658982-2eec-47d4-2a08-029bb8cefe00,tear-cards-14pt-uv_1.jpg,public,
a987108a-f791-4ed5-d71f-b9296bc88500,tent-cards-14pt-matte-finish_4.webp,public,
a12ec413-6500-4e1d-b7ef-c284d561ae00,tent-cards-14pt-matte-finish_2.webp,public,
4e0ab629-bcbc-41a7-ea6c-5b3b0b0bc500,postcard-addressed-postage-included_1.png,public,
c5cc030c-31e9-43a4-fd10-1e0c0ba01100,tent-cards-14pt-matte-finish_1.webp,public,
2b5398b8-b6f1-42e7-fd22-bd9dc6509700,posters-100lb-matte-finish_1.webp,public,
1dd3f461-9d68-4b5a-3200-c5a3b3dfd400,posters-100lb-matte-finish_2.webp,public,
c648e044-cf32-43f0-1ac2-03b89e0e2400,supply-boxes_1.jpg,public,
12421810-8f0b-4505-b6c8-97f2499a2b00,pull-up-banners-13oz-matte-vinyl-silverbase_1.png,public,
7d491e33-a034-4d8c-f6c8-bcfbfd0f6400,posters-80lb-enviro-uncoated_1.webp,public,
edd6a453-4f11-44eb-f457-be234c545500,presentation-folders-14pt-metallic-foil_1.png,public,
0fd732f6-068b-4c18-7b57-6cc7d8522b00,security-envelopes-60lb-uncoated_1.webp,public,
92f8db32-70a4-41c1-2e95-8c855d925200,presentation-folders-matte-laminated_1.png,public,
a8a4ea61-2536-4bd2-de51-324f6d976300,pull-up-banners-13oz-matte-vinyl-blackbase-31-5-x-78-75_3.jpg,public,
4e311a1a-a962-4aed-a565-3812aa5f5300,premium-pull-up-banners-13oz-matte-vinyl_1.png,public,
3af07c7a-000f-42fc-6c07-d05d63804400,presentation-folders-14pt-uv-high-gloss_1.png,public,
8e988900-f3a0-48f8-ee26-3fef68655500,lay-flat-pouch_1.png,public,
c9a9de9b-566f-43dc-806d-3dce9cf2d200,presentation-folders-14pt-aq_1.png,public,
2d26d758-fb69-45b3-3a5c-80fab421ed00,premium-wide-pull-up-banners-13-oz-matte-vinyl_1.png,public,
c18511a4-529c-451e-cf86-7845925b4c00,postcards-14pt-uv_1.webp,public,
d9695576-7190-492a-5346-3205bf855f00,brochures-100lb-matte-finish_1.png,public,
13501c1b-0fec-4518-ffb2-6d4b3958e000,mesh-banner-8oz-polyester-mesh_2.webp,public,
b17b286c-397a-4ebf-b128-202a6b008b00,posters-100lb-uv-high-gloss_1.webp,public,
c43e1f45-4f34-49cc-706a-33756782be00,flyers-100lb-gloss-text_1.png,public,
43665c57-0b10-44e8-3894-6a392ecde000,business-cards-16pt-matte-finish_1.png,public,
20e3bcfe-7170-4cf4-f475-a45d14dfcc00,postcards-18pt-matte-silk-lamination_1.webp,public,
5633b2b7-288a-43cc-1d6c-7017af0b5800,postcards-16pt-matte-finish_1.webp,public,
3fa17549-4c3f-4058-f3c1-fcd0d8747100,postcards-16pt-aq_1.webp,public,
9a4d89e3-e4ec-4ea5-84ad-53092b698200,postcards-18pt-gloss-lamination_1.webp,public,
9327ba13-e055-4ddf-9edc-86e158b0eb00,postcard-18pt-matte-lam-spot-uv_1.webp,public,
1b2e72a5-9554-48fc-9360-52bb91a64900,postcards-14pt-writable-aq-c1s_1.webp,public,
c92552c4-30d7-497c-60a6-3b1264c8dc00,postcards-16pt-uv_1.webp,public,
733829ac-218f-46e0-6e59-9297120eea00,postcards-13pt-linen-uncoated_1.webp,public,
8c862f83-d709-413c-9202-39eb93acd300,postcards-14pt-matte-finish_1.webp,public,
5c3dd436-7a59-4c7f-7543-c10f781fbe00,postcards-14pt-writable-uv-c1s_1.webp,public,
2154e822-9e1b-4c94-aa06-b95b2e435800,postcards-13pt-enviro-uncoated_1.webp,public,
c80cd7e8-68f7-413e-3906-df14ecefa400,metallic-foil-postcards_2.webp,public,
c0fbf79d-de83-49ef-1605-a262bbe7d800,postcards-14pt-aq_1.webp,public,
2d91ec63-91aa-4b25-708f-f08359fb5600,postcards-10pt-matte-finish_1.webp,public,
819289a0-9593-45f5-2f49-62f4581a7300,metallic-foil-greeting-cards_1.webp,public,
9d7f96d8-331b-4d6b-158f-f931113c5400,metallic-foil-postcards_1.webp,public,
caa3a630-5829-45fa-823e-78ddf7a75a00,metallic-foil-invitations_1.webp,public,
3931d440-bb69-4112-d2c1-c2721e05a100,postcards-10pt-aq_1.webp,public,
bdc27819-7bb8-493a-c232-d5d080ec5c00,flyers-100lb-matte-finish_1.png,public,
f2bddd86-3031-4b86-9696-c264083cdc00,metallic-foil-business-cards_3.webp,public,
e535f925-cda8-495c-e5ee-71202574f600,numbered-tickets-14pt_1.png,public,
ce17b197-d632-44da-fc19-7805442cfe00,plastic-14pt_1.webp,public,
778ca443-c0e3-46d8-555c-a87b41f2ab00,pearl-paper-postcards_1.webp,public,
2124445c-4995-477d-7f1a-9634ca52c500,poly-roll-labels_1.webp,public,
bab06098-952f-47f4-07fc-12a3d45c6f00,pearl-paper-greeting-cards_1.webp,public,
8cfc22a2-fe9d-4049-7f62-909aa7380a00,pearl-paper-greeting-cards_2.webp,public,
a221a984-a39c-44f5-940e-dd8634a25400,pearl-business-cards_1.webp,public,
282db84c-7f94-44b5-ff85-27c1d7a6ef00,booklets-80lb-silk-text-8-5-x-11_1.png,public,
311ff1ee-a1aa-4d44-2052-4d9da988ae00,paper-roll-labels_1.webp,public,
d7743249-b86b-41a0-25af-0d3b679b0300,ncr-forms-20lb-uncoated_1.webp,public,
61a48b0a-e537-4b40-f9a8-441948fe2600,notepads-60lb-uncoated-50-pages_1.webp,public,
c2020f11-d426-433a-dc1c-a55d9a282b00,notepads-60lb-uncoated-25-pages_1.webp,public,
3c8e3f19-fb43-46b6-de77-48ef716b8900,brochures-80lb-enviro-uncoated_1.png,public,
57fe7d12-c22d-4bf3-959e-098f47945600,metallic-foil-greeting-cards_4.webp,public,
c3751940-0c31-4728-e16b-6f27769dfb00,metallic-foil-greeting-cards_3.webp,public,
fa52923b-ae1d-4a2c-3f19-557560d33400,mesh-banner-8oz-polyester-mesh_1.webp,public,
796c60e1-2b1e-440f-a5c2-ecf51ad4a200,metallic-foil-greeting-cards_2.webp,public,
1405f0f3-6359-45dd-8017-8ac36a324800,metallic-foil-business-cards_1.webp,public,
752a1ace-e53e-47b2-607d-f697cdefc400,metallic-foil-business-cards_2.webp,public,
c5832609-67cb-4530-f299-8a83fd7e5c00,door-hangers-13pt-enviro-uncoated_1.png,public,
e237fe56-2775-4d12-d86e-4b4f7b559300,brochure-enveloped-and-addressed-postage-included_1.png,public,
632f882e-78c2-42f5-a632-3b05865bc800,magnets-14pt_4.webp,public,
d99d3573-0481-4966-9d41-725a06fe5000,invitations-18pt-kraft-paper_1.png,public,
dc8a547b-ea57-4249-f7c7-e91bbc0a2400,letterheads-60lb-uncoated_1.webp,public,
ce0fbcf9-8f68-4585-cea3-d01e044d3200,magnets-14pt_2.webp,public,
d39e8fe4-50a5-43a8-f995-9e3060334900,magnets-14pt_3.webp,public,
3f91b67f-e173-4f85-029c-17e37d30c400,letterheads-60lb-uncoated_2.webp,public,
21ce474e-cd1a-494b-5bc4-7537aee80a00,magnets-14pt_1.webp,public,
81b1cf21-2b07-4ebb-2973-e3d949577200,large-format-posters-8pt-c2s_1.webp,public,
84be504f-f1c9-45c0-6e48-6b91bf533100,coroplast-group-1.png,public,
643fd7de-474c-4b1c-9974-0b14913aa700,kraft-paper-postcards_4.webp,public,
78b9b8f4-ed2e-456a-baf0-f6114e166b00,invitations-14pt-writable-aq-c1s_1.png,public,
2cb5bf54-f306-4606-d835-f49345067400,kraft-paper-postcards_1.webp,public,
f6392024-e97b-48e2-1546-b67db69f4300,kraft-paper-postcards_2.webp,public,
af4853d4-c17f-46e1-36dd-93bbe0f3e300,kraft-paper-greeting-cards_1.webp,public,
a00bfabe-92b2-448e-0b32-fe608d6d6100,invitations-14pt-uv-high-gloss_1.png,public,
14e1cea7-f604-42df-d401-5a162da49600,kraft-paper-greeting-cards_3.webp,public,
ca6b3fac-e948-4422-68be-1770070bb600,kraft-paper-greeting-cards_2.webp,public,
4c097082-c2e0-4303-be72-623736f21000,kraft-business-cards_2.webp,public,
f0c443cf-8559-4741-6865-c9f19600ca00,kraft-business-cards_3.webp,public,
5e533360-4ef9-471f-d828-8813f6a71900,kraft-business-cards_1.webp,public,
0530fc7a-8bd9-40b4-ba35-feacafc9e600,invitations-14pt-matte-finish_1.png,public,
7f27c12e-9b57-4f5d-5bdb-2fff07967e00,invitations-14pt-aq_1.png,public,
9211fa82-dd86-41ab-1ea7-73c7c218b600,flyers-70lb-linen-uncoated_1.jpg,public,
28dc95b5-20a9-48b8-1856-3859b2028600,high-gloss-rack-cards_1.jpg,public,
a2f16677-ab5b-4946-ffec-0fba3a7f4500,greeting-cards-14pt-writable-uv-c1s_1.webp,public,
97c83f82-d15b-4731-fd41-60bb90385e00,h-stand-for-signs_1.jpg,public,
d1d69bd2-d5df-4425-1e3f-882e78628300,greeting-cards-14pt-writable-aq-c1s_1.webp,public,
145b2d8f-d683-4ae7-05df-7542b0022b00,greeting-cards-14pt-uv-high-gloss_1.webp,public,
9a0b6cc1-dd20-4f8b-c704-722ec387db00,greeting-cards-14pt-aq_1.webp,public,
7457f880-e5c7-458e-1c3e-3abae8faec00,greeting-cards-13pt-enviro-uncoated_1.webp,public,
c9f37118-18b2-431a-fba0-78039a859200,brochures-100lb-gloss-text_1.png,public,
5e0f8e15-70b3-46e7-f600-b074aa6e3300,greeting-cards-14pt-matte-finish_1.webp,public,
c9418c0d-6a36-4954-a091-ce3ff7765d00,brochure-enveloped-and-addressed-postage-due_1.png,public,
4db5d1b4-dcf8-4b66-8fb2-8385f48f7e00,glossy-adhesive-vinyl_1.jpg,public,
7eb17659-63e7-4708-14cd-d271884b7900,folded-business-cards-13pt-enviro-uncoated_1.jpg,public,
f227e577-5464-4182-3a47-8dd8d5bebe00,folded-business-card-14pt-uv-high-gloss_1.jpg,public,
ae5f4463-b25c-4953-1ffe-70b8d22e5a00,folded-business-cards-14pt-matte-finish_1.jpg,public,
572a63a0-ce1b-4e3b-d785-946e8b416500,floor-graphics_1.png,public,
ec9ed1ea-8488-469e-0136-cd32ff62a600,flyers-100lb-uv-high-gloss_1.webp,public,
b1feed9b-5de6-4846-ab7b-b94899ef5900,double-sided-pull-up-banners-13-oz-matte-vinyl_1.png,public,
da699814-4445-45a4-6d99-382177fd7200,flyers-80lb-enviro-uncoated_1.webp,public,
3b1b2f10-3807-483d-d703-e74678a3e600,business-cards-14pt-aq_1.png,public,
e714c22d-78fd-44ea-c2b8-759f7c608500,canvas-roll_2.webp,public,
3554a168-8187-4b0b-6bb0-bc30bf274a00,ear-cards-13pt-enviro-uncoated_1.jpg,public,
397c4380-4d49-44f9-6737-2548e6ccdd00,envelopes-60lb-uncoated_1.webp,public,
4e6fa4fe-2579-40b9-db01-bb0555a3d400,envelopes-60lb-self-adhesive_1.webp,public,
50f95913-3723-498f-ee75-a7ded0f63f00,durable-postcards_1.webp,public,
7709dc61-30dd-43e1-1bbb-95ccf140c300,durable-business-cards_1.webp,public,
49701951-43d8-4abc-5dcc-2101ef4cdd00,door-hangers-14pt-uv-high-gloss_1.webp,public,
16537873-dd7a-4fe8-14a8-a1555b3a9c00,door-hangers-14pt-matte-finish_1.webp,public,
c857d589-68f8-4202-07da-bb8c3cb7f400,door-hangers-14pt-aq_1.webp,public,
f3062ace-635a-4cc6-48cc-b3164fb73d00,digital-sheets-100lb-gloss-text_1.jpg,public,
c79f8d11-6058-48e8-25aa-03def4d41d00,display-board-24pt_2.jpg,public,
354f6377-d20d-48b9-3fab-951278f4db00,business-cards-14pt-uv-high-gloss_1.png,public,
2b01163e-1083-462e-0a8e-c98bbd1ec000,digital-sheets-14pt-matte-finish_1.jpg,public,
88f8165e-15f1-436e-5f02-e410644af200,display-board-24pt_1.jpg,public,
59736187-4045-4e32-51d2-855d81978000,digital-sheets-100lb-matte-finish_1.jpg,public,
e54c1739-895e-4c69-040e-07ac3641c700,die-cut-business-cards_1.webp,public,
8ac604d0-8554-442a-32f5-1cc8989d3900,die-cut-business-cards_3.webp,public,
f0873f84-c04b-493b-2f3f-6284ea03e000,digital-sheets-80lb-enviro-uncoated_1.jpg,public,
3e93000c-af45-49f0-4f5d-30fc925b1400,die-cut-business-cards_2.webp,public,
7ca51f23-6d04-4549-e0b8-408bd6c70d00,digital-sheets-13pt-enviro-uncoated_1.jpg,public,
eff5f62a-349e-424a-31a8-3db3a87da800,cut-to-shape-removable-decals_1.webp,public,
1cd233e9-63ad-4f3c-cc00-b51e5afecf00,cut-to-shape-permanent-decals_1.webp,public,
3a272009-bbbe-4818-2a2f-d700d0282500,cut-to-shape-magnets-30mil_2.webp,public,
c52382bf-2dfc-4d8b-9d91-9db30e0b6500,cut-to-shape-magnets-20mil_1.webp,public,
7de68e74-482a-4427-8f74-cd7987378100,60lb-slit-back-label-stickers_1.png,public,
905fb7e0-d4e6-4304-e638-d7c1d4ec2f00,cut-to-shape-magnets-20mil_3.webp,public,
c1d0ad66-b9f6-47e5-3c04-2605ebdff700,cut-to-shape-magnets-20mil_2.webp,public,
923c826b-06c2-457b-af41-9500a3ee3a00,clings-transparent_1.jpg,public,
8a334bb2-748f-4586-6171-78477b81a700,cut-to-shape-magnets-30mil_1.webp,public,
fdb31ce4-89f6-4d67-8ee2-9165b64c0500,clings-opaque_1.jpg,public,
935bf68f-225d-4c80-9265-6308622c8a00,clings-transparent_2.jpg,public,
17fba3c0-8cb2-4244-22bb-b37673518400,car-magnets-30mil_2.webp,public,
c2cd52ce-99fb-4e92-b45d-218e12878900,car-magnets-30mil_1.webp,public,
f6beba2e-b0ff-4ec5-1c76-0ffd71c19700,8mm-coroplast.png,public,
3a908847-f0ed-456b-c0c3-3002b1c6ad00,canvas-roll_1.webp,public,
3eed07e2-8178-425c-1215-96dcd383c200,business-cards-18pt-writable-c1s_1.webp,public,
0053681e-2792-4571-ef75-b844fd438400,business-cards-18pt-matte-silk-lamination_1.webp,public,
d8edb3b3-1d0c-4ea7-5042-85331445e200,business-cards-18pt-matte-lam-spot-uv_1.webp,public,
8ea5d74e-69fc-4b26-4997-70db5b225000,10mm-coroplast_2.png,public,
ebf253aa-b41d-42c9-3e80-ae3483c4b900,business-cards-18pt-gloss-lamination_1.webp,public,
d10203f0-8e1f-4d44-c552-c652ea6d4d00,business-cards-16pt-uv_1.webp,public,
1019de5d-9c19-4345-7449-b9b9c3764300,business-cards-16pt-aq_1.webp,public,
a95b20a6-05e9-43ac-facf-4a2b39a3c000,10mm-coroplast_1.png,public,
6cffd7bb-61cf-4bbf-99c6-8a9336c92300,business-cards-14pt-writable-aq-c1s_1.webp,public,
53fedea7-6e81-4874-938a-2a5311fc4a00,business-cards-14pt-writable-uv-c1s_1.webp,public,
2a4bdca9-4fac-459e-0f15-1713a62c5200,business-cards-13pt-linen-uncoated_1.webp,public,
0d476f2c-b3fc-45d2-7e5a-7089bb3c6b00,business-cards-14pt-profit-maximizer_1.webp,public,
80918162-ec09-435a-42f3-d1ce705d0b00,business-cards-14pt-matte-finish_1.webp,public,
f94e0ae0-6079-4fff-7667-b22e9393e000,business-cards-13pt-enviro-uncoated_1.webp,public,
6a56d6de-13fc-415c-ccc5-4b785c777c00,4mm-coroplast-yard-signs_1.png,public,
851f5acb-e633-4eda-a497-99ed93c4d300,business-cards-13pt-enviro-uncoated_2.webp,public,
e91660f9-a189-4bc4-9f76-2e257ef3db00,6mm-coroplast.png,public,
a13dd19c-93b6-4fbd-6b59-e951324c3d00,booklets-100lb-silk-text-8-5-x-11_1.jpg,public,
0a4b40cb-16c3-4c82-28bf-f0b0e7066d00,bookmark-18pt-matte-silk-lamination_1.webp,public,
d4ff6fdb-42ed-4fa5-5c82-416a75828400,bookmark-18pt-gloss-lamination_1.webp,public,
1280a8dd-eb36-43a0-dd2b-067c2fd21b00,bookmark-18pt-matte-lam-spot-uv_1.webp,public,
624c1e0f-1ca6-4dce-4bf4-8d523874b500,bopp-roll-labels_1.webp,public,
497344d8-fa32-4088-4d29-ce685c496800,bookmark-13pt-linen-uncoated_1.webp,public,
2eb59b70-76eb-484f-4d81-04e203856900,booklets-100lb-silk-text-8-5-x-5-5_1.jpg,public,
ce58ba91-3e2d-432a-fb5e-0afab8051b00,booklets-80lb-gloss-text-8-5-x-11_1.jpg,public,
3bff9b13-f33c-4971-8a53-3131e6338100,bookmark-16pt-uv_1.webp,public,
22253f75-78e0-4ea8-1e75-297128d29d00,booklets-100lb-gloss-text-8-5-x-5-5_1.jpg,public,
58db0189-8f70-4fce-1e83-df872c57eb00,bookmark-14pt-matte-finish_1.webp,public,
d4c1b55e-c44b-4412-6ca2-59826e067300,bookmark-14pt-writable-uv-c1s_1.webp,public,
a6c68962-2ad0-451f-914a-14aa76a4a800,booklets-60lb-offset-text-8-5-x-11_1.jpg,public,
cd2e8cda-403e-492a-a5f5-0e709d5a4100,32pt-painted-edge-business-cards_1.png,public,
cc28b984-3ea2-42be-3b4c-67af9f2f9400,bookmark-13pt-enviro-uncoated_3.webp,public,
e645acbc-a4ea-4cbf-08c7-c6541d0df000,bookmark-14pt-uv_1.webp,public,
08801307-2f47-4e24-ca5f-4ac581a5a900,bookmark-13pt-enviro-uncoated_2.webp,public,
d42ed603-0ae3-47b2-c5bd-3df062fbc700,bookmark-13pt-enviro-uncoated_1.webp,public,
875a74a9-2904-499d-4a8f-03cb4977ac00,booklets-80lb-silk-text-8-5-x-5-5_1.jpg,public,
617c54a2-26b3-45df-a8ac-059eb2263000,booklets-80lb-gloss-text-8-5-x-5-5_1.jpg,public,
43d83ca2-7902-4a47-f056-c24a3fedf200,4mm-coroplast-canadian.png,public,
37c042e0-bb3e-499c-c6b6-1343f100b300,bookmark-10pt-matte-finish_1.webp,public,
0f5c10f9-9afb-470b-9ff5-61a53a33e000,bc2_1_dual_lt_halo_and_uv.webp,public,
6a1a23dc-4ef5-4c8d-030d-e1706e661d00,booklets-60lb-offset-text-8-5-x-5-5_1.jpg,public,
074bbe9f-3ae2-4b23-125f-eb2703903400,banners-13oz-glossy-vinyl_1.webp,public,
9bb57cab-2ccf-4580-b99c-ff937ae5bf00,32pt-painted-edge-business-cards_2.jpg,public,
33beb2a1-1aff-439d-2ec6-97956ed1e100,banners-13oz-matte-vinyl_1.jpg,public,
ea3ebf64-09d1-4bb0-6d26-2a3c4d2a5900,a-frame-stands_1.jpg,public,
db112b92-b7a1-461e-9697-33f9e299a700,a-frame-signs-4mm-coroplast.jpg,public,
2835f4bd-553f-4c4d-fee1-807bf61e3000,20pt-styrene_1.jpg,public,
e02bbfd1-7096-4c3b-9c50-61b5a7d26100,4mm-foam-board_1.png,public,
c80676c0-403a-46c4-ce79-a7f54e8e0f00,3mm-sintra_5.png,public,
f0c34ad2-263d-4462-f524-bc6bdbf36e00,3mm-sintra_3.png,public,
1afebe72-ec4a-4251-fd30-1a2ec2c29e00,3mm-sintra_4.png,public,
f1231c38-1c43-4ce7-c94e-959bcb77d600,3mm-sintra_2.png,public,
15ba1060-80d5-41be-b7cd-47fd69152100,3mm-aluminum-signs_1.png,public,
9b70635b-0d77-4bb7-daac-4da06e130400,3mm-sintra_1.jpg,public,
